{
  "query_id": "8",
  "query_text": "(\"self concept\" AND (\"feature extraction\" OR \"embedding\") AND \"machine learning\")",
  "crawl_time": "2025-11-19T17:23:52.036993",
  "total_results": "未知",
  "articles_count": 2,
  "articles": [
    {
      "title": "A Primer on Modern AI",
      "link": "https://ieeexplore.ieee.org/document/10952503/",
      "authors": "Beena Ammanath",
      "publisher_info": "Year: 2022 | Book Chapter | Publisher: Wiley",
      "year": "N/A",
      "abstract": "Trustworthy AI: A Business Guide for Navigating Trust and Ethics in AI\nYear: 2022 | Book Chapter | Publisher: Wiley",
      "doc_id": "10952503",
      "pdf_downloaded": false,
      "pdf_path": null
    },
    {
      "title": "Unsupervised Clothing Change Adaptive Person ReID",
      "link": "https://ieeexplore.ieee.org/document/9645249/",
      "authors": "Ziyue Zhang;\nShuai Jiang;\nCongzhentao Huang;\nRichard Yi Da Xu",
      "publisher_info": "Year: 2022 | Volume: 29 | Journal Article | Publisher: IEEE",
      "year": "N/A",
      "abstract": "IEEE Signal Processing Letters\nYear: 2022 | Volume: 29 | Journal Article | Publisher: IEEE\nCited by: Papers (7)",
      "doc_id": "9645249",
      "pdf_downloaded": true,
      "pdf_path": "ieee_pdfs\\9645249_Unsupervised Clothing Change Adaptive Person ReID.pdf"
    }
  ]
}