{
  "query_id": "23",
  "query_text": "(\"self-esteem\" AND (\"stress\" OR \"anxiety\" OR \"depression\") AND \"machine learning\")",
  "crawl_time": "2025-11-19T18:02:32.831851",
  "total_results": "未知",
  "articles_count": 25,
  "articles": [
    {
      "title": "Classification of Depression, Internet Addiction and Prediction of Self-esteem among University Students",
      "link": "https://ieeexplore.ieee.org/document/9038211/",
      "authors": "Nadia Rubaiyat;\nAnika Islam Apsara;\nDipankar Chaki;\nHossain Arif;\nLamiah Israt;\nLamiya Kabir;\nMd. Golam Rabiul Alam",
      "publisher_info": "Year: 2019 | Conference Paper | Publisher: IEEE",
      "year": "N/A",
      "abstract": "2019 22nd International Conference on Computer and Information Technology (ICCIT)\nYear: 2019 | Conference Paper | Publisher: IEEE\nCited by: Papers (10)",
      "doc_id": "9038211",
      "pdf_downloaded": true,
      "pdf_path": "ieee_pdfs\\9038211_Classification of Depression Internet Addiction a.pdf"
    },
    {
      "title": "Analyzing the Impact of Social Media Usage on Mental Health: A Machine Learning Approach",
      "link": "https://ieeexplore.ieee.org/document/10724267/",
      "authors": "Shardha Purohit;\nRusha Mudgal;\nSatvik Vats;\nPooja Rana;\nOwais Ahmad Shah;\nAditya Verma",
      "publisher_info": "Year: 2024 | Conference Paper | Publisher: IEEE",
      "year": "N/A",
      "abstract": "2024 15th International Conference on Computing Communication and Networking Technologies (ICCCNT)\nYear: 2024 | Conference Paper | Publisher: IEEE\nCited by: Papers (8)",
      "doc_id": "10724267",
      "pdf_downloaded": true,
      "pdf_path": "ieee_pdfs\\10724267_Analyzing the Impact of Social Media Usage on Ment.pdf"
    },
    {
      "title": "Boosting for Postpartum Depression Prediction",
      "link": "https://ieeexplore.ieee.org/document/8010637/",
      "authors": "Sriraam Natarajan;\nAnnu Prabhakar;\nNandini Ramanan;\nAnna Bagilone;\nKatie Siek;\nKay Connelly",
      "publisher_info": "Year: 2017 | Conference Paper | Publisher: IEEE",
      "year": "N/A",
      "abstract": "2017 IEEE/ACM International Conference on Connected Health: Applications, Systems and Engineering Technologies (CHASE)\nYear: 2017 | Conference Paper | Publisher: IEEE\nCited by: Papers (26)",
      "doc_id": "8010637",
      "pdf_downloaded": true,
      "pdf_path": "ieee_pdfs\\8010637_Boosting for Postpartum Depression Prediction.pdf"
    },
    {
      "title": "A Comprehensive Analysis of Speech Depression Recognition Systems",
      "link": "https://ieeexplore.ieee.org/document/10500078/",
      "authors": "Ali Hassan;\nShonda Bernadin",
      "publisher_info": "Year: 2024 | Conference Paper | Publisher: IEEE",
      "year": "N/A",
      "abstract": "SoutheastCon 2024\nYear: 2024 | Conference Paper | Publisher: IEEE\nCited by: Papers (5)",
      "doc_id": "10500078",
      "pdf_downloaded": true,
      "pdf_path": "ieee_pdfs\\10500078_A Comprehensive Analysis of Speech Depression Reco.pdf"
    },
    {
      "title": "Machine Learning Techniques for Automatic Depression Assessment",
      "link": "https://ieeexplore.ieee.org/document/8441422/",
      "authors": "Anna Maridaki;\nAnastasia Pampouchidou;\nKostas Marias;\nManolis Tsiknakis",
      "publisher_info": "Year: 2018 | Conference Paper | Publisher: IEEE",
      "year": "N/A",
      "abstract": "2018 41st International Conference on Telecommunications and Signal Processing (TSP)\nYear: 2018 | Conference Paper | Publisher: IEEE\nCited by: Papers (5) | Patents (1)",
      "doc_id": "8441422",
      "pdf_downloaded": true,
      "pdf_path": "ieee_pdfs\\8441422_Machine Learning Techniques for Automatic Depressi.pdf"
    },
    {
      "title": "Classification of Social Anxiety Disorder Using Explainable Machine Learning and Pearson's Correlation Technique",
      "link": "https://ieeexplore.ieee.org/document/10750623/",
      "authors": "Srivarsha Bathula;\nKrishnaraj Chadaga;\nSrikanth Prabhu;\nNiranjana Sampathila",
      "publisher_info": "Year: 2024 | Conference Paper | Publisher: IEEE",
      "year": "N/A",
      "abstract": "2024 IEEE International Conference on Distributed Computing, VLSI, Electrical Circuits and Robotics (DISCOVER)\nYear: 2024 | Conference Paper | Publisher: IEEE",
      "doc_id": "10750623",
      "pdf_downloaded": true,
      "pdf_path": "ieee_pdfs\\10750623_Classification of Social Anxiety Disorder Using Ex.pdf"
    },
    {
      "title": "Emotion Guru: A Smart Emotion Tracking Application with AI Conversational Agent for Exploring and Preventing Depression",
      "link": "https://ieeexplore.ieee.org/document/9674993/",
      "authors": "Hashmaryne C. van Cuylenburg;\nT.N.D.S. Ginige",
      "publisher_info": "Year: 2021 | Conference Paper | Publisher: IEEE",
      "year": "N/A",
      "abstract": "2021 International Conference on UK-China Emerging Technologies (UCET)\nYear: 2021 | Conference Paper | Publisher: IEEE\nCited by: Papers (2)",
      "doc_id": "9674993",
      "pdf_downloaded": true,
      "pdf_path": "ieee_pdfs\\9674993_Emotion Guru A Smart Emotion Tracking Application.pdf"
    },
    {
      "title": "Detecting Self-Esteem Level and Depressive Indication Due to Different Parenting Style Using Supervised Learning Techniques",
      "link": "https://ieeexplore.ieee.org/document/9995147/",
      "authors": "Abdullah Al Taawab;\nMahfuzzur Rahman;\nZawadul Islam;\nNafisa Mustari;\nShaily Roy;\nMd. Golam Rabiul Alam",
      "publisher_info": "Year: 2022 | Conference Paper | Publisher: IEEE",
      "year": "N/A",
      "abstract": "2022 9th International Conference on Behavioural and Social Computing (BESC)\nYear: 2022 | Conference Paper | Publisher: IEEE",
      "doc_id": "9995147",
      "pdf_downloaded": true,
      "pdf_path": "ieee_pdfs\\9995147_Detecting Self-Esteem Level and Depressive Indicat.pdf"
    },
    {
      "title": "Hybrid Model for Analysis of Social Media Posts for Identification of Depression and Measuring Its Severity",
      "link": "https://ieeexplore.ieee.org/document/10245441/",
      "authors": "Jay Nanavati;\nUnnati Patel",
      "publisher_info": "Year: 2023 | Conference Paper | Publisher: IEEE",
      "year": "N/A",
      "abstract": "2023 International Conference on Data Science and Network Security (ICDSNS)\nYear: 2023 | Conference Paper | Publisher: IEEE\nCited by: Papers (2)",
      "doc_id": "10245441",
      "pdf_downloaded": true,
      "pdf_path": "ieee_pdfs\\10245441_Hybrid Model for Analysis of Social Media Posts fo.pdf"
    },
    {
      "title": "Mental Stress Detection and Classification using SVM Classifier: A Pilot Study",
      "link": "https://ieeexplore.ieee.org/document/9780795/",
      "authors": "R. Jegan;\nS. Mathuranjani;\nPraveen Sherly",
      "publisher_info": "Year: 2022 | Conference Paper | Publisher: IEEE",
      "year": "N/A",
      "abstract": "2022 6th International Conference on Devices, Circuits and Systems (ICDCS)\nYear: 2022 | Conference Paper | Publisher: IEEE\nCited by: Papers (7)",
      "doc_id": "9780795",
      "pdf_downloaded": true,
      "pdf_path": "ieee_pdfs\\9780795_Mental Stress Detection and Classification using S.pdf"
    },
    {
      "title": "Emo-regulator: An emotion-regulation training system fusing virtual reality and EEG-based neurofeedback",
      "link": "https://ieeexplore.ieee.org/document/10340975/",
      "authors": "Minchang Yu;\nYicai Bai;\nYingjie Li",
      "publisher_info": "Year: 2023 | Conference Paper | Publisher: IEEE",
      "year": "N/A",
      "abstract": "2023 45th Annual International Conference of the IEEE Engineering in Medicine & Biology Society (EMBC)\nYear: 2023 | Conference Paper | Publisher: IEEE\nCited by: Papers (7)",
      "doc_id": "10340975",
      "pdf_downloaded": true,
      "pdf_path": "ieee_pdfs\\10340975_Emo-regulator An emotion-regulation training syst.pdf"
    },
    {
      "title": "Advanced Analysis of Depression in Women Using e-LSTM and All-Lexicon LR Classifiers",
      "link": "https://ieeexplore.ieee.org/document/10895471/",
      "authors": "B Jayaprakash;\nMandar Diwakar;\nA. Krishna Kumar;\nWamika Goyal;\nN Divya;\nBharat Bhushan",
      "publisher_info": "Year: 2024 | Conference Paper | Publisher: IEEE",
      "year": "N/A",
      "abstract": "2024 International Conference on Recent Advances in Science and Engineering Technology (ICRASET)\nYear: 2024 | Conference Paper | Publisher: IEEE",
      "doc_id": "10895471",
      "pdf_downloaded": true,
      "pdf_path": "ieee_pdfs\\10895471_Advanced Analysis of Depression in Women Using e-L.pdf"
    },
    {
      "title": "Trapped in the Mobile Screen: A Machine Learning Approach to Predict Nomophobia",
      "link": "https://ieeexplore.ieee.org/document/11101516/",
      "authors": "Tapas Si;\nAman Sharma;\nAshutosh Singh;\nImran Khan",
      "publisher_info": "Year: 2025 | Conference Paper | Publisher: IEEE",
      "year": "N/A",
      "abstract": "2025 International Conference on Electronics, AI and Computing (EAIC)\nYear: 2025 | Conference Paper | Publisher: IEEE",
      "doc_id": "11101516",
      "pdf_downloaded": true,
      "pdf_path": "ieee_pdfs\\11101516_Trapped in the Mobile Screen A Machine Learning A.pdf"
    },
    {
      "title": "Logistic Regression and XGBoost Model of Multiple factors on Trust",
      "link": "https://ieeexplore.ieee.org/document/10968729/",
      "authors": "Roujia Sun;\nJiajia Zhu;\nWen Zhang;\nYan Mu",
      "publisher_info": "Year: 2025 | Conference Paper | Publisher: IEEE",
      "year": "N/A",
      "abstract": "2025 IEEE 8th Information Technology and Mechatronics Engineering Conference (ITOEC)\nYear: 2025 | Conference Paper | Publisher: IEEE",
      "doc_id": "10968729",
      "pdf_downloaded": true,
      "pdf_path": "ieee_pdfs\\10968729_Logistic Regression and XGBoost Model of Multiple.pdf"
    },
    {
      "title": "Simulation of suicide tendency by using machine learning",
      "link": "https://ieeexplore.ieee.org/document/8405128/",
      "authors": "Hugo D. Calderon-Vilca;\nWilliam I. Wun-Rafael;\nRoberto Miranda-Loarte",
      "publisher_info": "Year: 2017 | Conference Paper | Publisher: IEEE",
      "year": "N/A",
      "abstract": "2017 36th International Conference of the Chilean Computer Science Society (SCCC)\nYear: 2017 | Conference Paper | Publisher: IEEE\nCited by: Papers (11)",
      "doc_id": "8405128",
      "pdf_downloaded": true,
      "pdf_path": "ieee_pdfs\\8405128_Simulation of suicide tendency by using machine le.pdf"
    },
    {
      "title": "HappyRec: Evaluation of a \"Happy Spot\" Recommendation System Aimed at Improving Mental Well-Being",
      "link": "https://ieeexplore.ieee.org/document/9679907/",
      "authors": "Kenta Suzuki;\nPanote Siriaraya;\nWan Jou She;\nRyotaro Tanaka;\nDa Li;\nShinsuke Nakajima",
      "publisher_info": "Year: 2021 | Conference Paper | Publisher: IEEE",
      "year": "N/A",
      "abstract": "2021 International Conference on Data Mining Workshops (ICDMW)\nYear: 2021 | Conference Paper | Publisher: IEEE",
      "doc_id": "9679907",
      "pdf_downloaded": true,
      "pdf_path": "ieee_pdfs\\9679907_HappyRec Evaluation of a Happy Spot Recommendat.pdf"
    },
    {
      "title": "Social Media's Toxic Comments Detection Using Artificial Intelligence Techniques",
      "link": "https://ieeexplore.ieee.org/document/10153015/",
      "authors": "Rabia Rachidi;\nMohamed Amine Ouassil;\nMouaad Errami;\nBouchaib Cherradi;\nSoufiane Hamida;\nHassan Silkan",
      "publisher_info": "Year: 2023 | Conference Paper | Publisher: IEEE",
      "year": "N/A",
      "abstract": "2023 3rd International Conference on Innovative Research in Applied Science, Engineering and Technology (IRASET)\nYear: 2023 | Conference Paper | Publisher: IEEE\nCited by: Papers (4)",
      "doc_id": "10153015",
      "pdf_downloaded": true,
      "pdf_path": "ieee_pdfs\\10153015_Social Medias Toxic Comments Detection Using Arti.pdf"
    },
    {
      "title": "A Graph Based Approach for Cyberbullying Classification Using Machine Learning Algorithms",
      "link": "https://ieeexplore.ieee.org/document/10373699/",
      "authors": "Khadija Khedraoui;\nKhalid Zine-Dine;\nAbdellah Madani",
      "publisher_info": "Year: 2023 | Conference Paper | Publisher: IEEE",
      "year": "N/A",
      "abstract": "2023 14th International Conference on Intelligent Systems: Theories and Applications (SITA)\nYear: 2023 | Conference Paper | Publisher: IEEE",
      "doc_id": "10373699",
      "pdf_downloaded": true,
      "pdf_path": "ieee_pdfs\\10373699_A Graph Based Approach for Cyberbullying Classific.pdf"
    },
    {
      "title": "Detecting specific learning disabilities",
      "link": "https://ieeexplore.ieee.org/document/8076796/",
      "authors": "R Akhil;\nAthul Soori;\nDilip Shankar;\nM Mrinal Krishnan;\nB R Poorna",
      "publisher_info": "Year: 2017 | Conference Paper | Publisher: IEEE",
      "year": "N/A",
      "abstract": "2017 International Conference on Networks & Advances in Computational Technologies (NetACT)\nYear: 2017 | Conference Paper | Publisher: IEEE\nCited by: Papers (8)",
      "doc_id": "8076796",
      "pdf_downloaded": true,
      "pdf_path": "ieee_pdfs\\8076796_Detecting specific learning disabilities.pdf"
    },
    {
      "title": "Detecting Depression in Reddit Posts using Hybrid Deep Learning Model LSTM-CNN",
      "link": "https://ieeexplore.ieee.org/document/9988489/",
      "authors": "Bhumika Gupta;\nNeeraj Pokhriyal;\nKamal Kumar Gola;\nMridula",
      "publisher_info": "Year: 2022 | Conference Paper | Publisher: IEEE",
      "year": "N/A",
      "abstract": "2022 2nd International Conference on Technological Advancements in Computational Sciences (ICTACS)\nYear: 2022 | Conference Paper | Publisher: IEEE\nCited by: Papers (2)",
      "doc_id": "9988489",
      "pdf_downloaded": true,
      "pdf_path": "ieee_pdfs\\9988489_Detecting Depression in Reddit Posts using Hybrid.pdf"
    },
    {
      "title": "ALEXZA: A Mobile Application For Dyslexics Utilizing Artificial Intelligence And Machine Learning Concepts",
      "link": "https://ieeexplore.ieee.org/document/8736130/",
      "authors": "Sampath Rajapakse;\nDasuni Polwattage;\nUmesha Guruge;\nIsuru Jayathilaka;\nTharindu Edirisinghe;\nSamantha Thelijjagoda",
      "publisher_info": "Year: 2018 | Conference Paper | Publisher: IEEE",
      "year": "N/A",
      "abstract": "2018 3rd International Conference on Information Technology Research (ICITR)\nYear: 2018 | Conference Paper | Publisher: IEEE\nCited by: Papers (17)",
      "doc_id": "8736130",
      "pdf_downloaded": true,
      "pdf_path": "ieee_pdfs\\8736130_ALEXZA A Mobile Application For Dyslexics Utilizi.pdf"
    },
    {
      "title": "Effectuating Supervised Machine Learning Techniques for Multiclass Classification of Problematic Internet and Mobile Usage",
      "link": "https://ieeexplore.ieee.org/document/9397062/",
      "authors": "Sneha Sarkar;\nSamanyu Bhandary;\nArti Arya",
      "publisher_info": "Year: 2021 | Conference Paper | Publisher: IEEE",
      "year": "N/A",
      "abstract": "2021 International Conference on Computing, Communication, and Intelligent Systems (ICCCIS)\nYear: 2021 | Conference Paper | Publisher: IEEE\nCited by: Papers (1)",
      "doc_id": "9397062",
      "pdf_downloaded": true,
      "pdf_path": "ieee_pdfs\\9397062_Effectuating Supervised Machine Learning Technique.pdf"
    },
    {
      "title": "Stuttering Detection And Classification*",
      "link": "https://ieeexplore.ieee.org/document/11233798/",
      "authors": "A. B. Ramesh;\nH. Vishal Bhagat;\nShaik Mehakhan Banu;\nSrujan Thadem;\nKasoju Lahari",
      "publisher_info": "Year: 2025 | Conference Paper | Publisher: IEEE",
      "year": "N/A",
      "abstract": "2025 3rd World Conference on Communication & Computing (WCONF)\nYear: 2025 | Conference Paper | Publisher: IEEE",
      "doc_id": "11233798",
      "pdf_downloaded": true,
      "pdf_path": "ieee_pdfs\\11233798_Stuttering Detection And Classification.pdf"
    },
    {
      "title": "When the Timeline Meets the Pipeline: A Survey on Automated Cyberbullying Detection",
      "link": "https://ieeexplore.ieee.org/document/9492047/",
      "authors": "Fatma Elsafoury;\nStamos Katsigiannis;\nZeeshan Pervez;\nNaeem Ramzan",
      "publisher_info": "Year: 2021 | Volume: 9 | Journal Article | Publisher: IEEE",
      "year": "N/A",
      "abstract": "IEEE Access\nYear: 2021 | Volume: 9 | Journal Article | Publisher: IEEE\nCited by: Papers (40)",
      "doc_id": "9492047",
      "pdf_downloaded": false,
      "pdf_path": null
    },
    {
      "title": "Impact of Generative AI Adoption in Academia and How it Influences Ethics, Cognitive Thinking and AI Singularity",
      "link": "https://ieeexplore.ieee.org/document/10664756/",
      "authors": "Daniel Marimekala;\nJohn Lamb",
      "publisher_info": "Year: 2024 | Conference Paper | Publisher: IEEE",
      "year": "N/A",
      "abstract": "2024 IEEE Integrated STEM Education Conference (ISEC)\nYear: 2024 | Conference Paper | Publisher: IEEE\nCited by: Papers (3)",
      "doc_id": "10664756",
      "pdf_downloaded": true,
      "pdf_path": "ieee_pdfs\\10664756_Impact of Generative AI Adoption in Academia and H.pdf"
    }
  ]
}