{
  "query_id": "4",
  "query_text": "((\"self-esteem\" OR \"self concept\") AND \"cognitive processes\" AND (\"natural language processing\" OR \"NLP\"))",
  "crawl_time": "2025-11-19T17:15:29.396928",
  "total_results": "未知",
  "articles_count": 2,
  "articles": [
    {
      "title": "Analyzing the Cognitive Impact of Trauma from a Metaphorical Perspective: A Case Study on the Attempted Assassination of Donald Trump",
      "link": "https://ieeexplore.ieee.org/document/10970771/",
      "authors": "Meihui Jia;\nRui Mao;\nYunhe Xie;\nShen Ren;\nErik Cambria",
      "publisher_info": "Year: 2025 | Conference Paper | Publisher: IEEE",
      "year": "N/A",
      "abstract": "2025 IEEE Symposium on Computational Intelligence in Natural Language Processing and Social Media (CI-NLPSoMe)\nYear: 2025 | Conference Paper | Publisher: IEEE",
      "doc_id": "10970771",
      "pdf_downloaded": true,
      "pdf_path": "ieee_pdfs\\10970771_Analyzing the Cognitive Impact of Trauma from a Me.pdf"
    },
    {
      "title": "Position Paper: Large Language Models need Episodic Memory",
      "link": "https://ieeexplore.ieee.org/document/11229266/",
      "authors": "Guangfu Hao;\nYuhan Zhang;\nGuoqing Ma;\nYang Chen;\nFrederic Alexandre;\nShan Yu",
      "publisher_info": "Year: 2025 | Conference Paper | Publisher: IEEE",
      "year": "N/A",
      "abstract": "2025 International Joint Conference on Neural Networks (IJCNN)\nYear: 2025 | Conference Paper | Publisher: IEEE",
      "doc_id": "11229266",
      "pdf_downloaded": true,
      "pdf_path": "ieee_pdfs\\11229266_Position Paper Large Language Models need Episodi.pdf"
    }
  ]
}